meanFreq_MaxS11,mean_MaxS11,mean_S11DEG,meanFreq_MaxS22,mean_MaxS22,mean_S22DEG,varFreq_MaxS11,var_MaxS11,var_S11DEG,varFreq_MaxS22,var_MaxS22,var_S22DEG,Weight,Class,Tester
4029.795918367347,-11.606590855451639,2.054261939214753,4078.612244897959,-19.446632010349465,13.399936840275053,4.611411911703456,0.0005238755815162267,0.3161452549724502,3.625156184922948,0.14379074802645525,5.2354095192084,70.0,0,Carlotta
4028.9795918367345,-11.595524262944945,2.0028959194872904,4077.795918367347,-19.28221742463169,12.875024018390663,3.611828404831327,0.00042350124246101796,0.2998460426124976,3.9583506872136605,0.12955741015160985,5.960783033525187,70.0,0,Carlotta
4027.8367346938776,-11.582926546636221,1.9433634924172905,4076.9795918367345,-19.027565201315547,12.951082104708737,2.5855893377759256,0.00022392219336661405,0.5271748834448765,2.958767180341529,0.10507723740686697,6.268241866938925,70.0,0,Carlotta
4027.1020408163267,-11.571997220520913,1.7750912876078597,4076.408163265306,-18.841317470475733,13.120659247737951,3.43856726364015,0.00018001274188214741,0.6737077460387851,1.4660558100791308,0.09173479143687663,4.794428271182463,70.0,0,Carlotta
4026.938775510204,-11.564802517865648,1.8575822955379617,4076.081632653061,-18.70407054273143,13.437085935501985,3.7717617659308638,0.00022951709605115614,0.8581179436035135,0.3198667221990834,0.06330605999392414,3.1455923158863017,70.0,0,Carlotta
4026.8571428571427,-11.55712713565441,2.0115389675219806,4076.0,-18.632326060325624,13.883028295443392,3.2653061224489774,0.00017765330546789962,0.8788082150246156,0.0,0.04200606956657535,2.072462964101481,70.0,0,Carlotta
4026.8571428571427,-11.550153270228307,2.132936871921773,4076.0,-18.55608046105199,14.573153054237379,3.2653061224489766,7.608510391278329e-05,0.9594599920966965,0.0,0.007657498606378299,0.20986650055280184,70.0,0,Carlotta
4027.183673469388,-11.54440897948419,2.285464999514455,4076.0,-18.55983944630806,14.674504702346002,2.598917117867554,3.084288376162462e-05,0.7216931191455346,0.0,0.004932391974167722,0.06692019125502223,70.0,0,Carlotta
4027.8367346938776,-11.541707481666899,2.501596992355469,4076.0,-18.58595539241987,14.619068045673773,0.6264056643065379,2.9645089423070025e-05,0.24376072237842558,0.0,0.0018018835624279501,0.03143961897634775,70.0,0,Carlotta
4028.0,-11.539379742686773,2.4337995247017044,4076.0,-18.591782450447973,14.675781066247072,0.0,2.626209347673147e-05,0.11131789678589214,0.0,0.0008310982581113254,0.03187287852127094,70.0,0,Carlotta
4028.0,-11.53687790961563,2.229379527180062,4076.0,-18.592579895456247,14.686531519937436,0.0,2.6155956386221936e-05,0.1322119991956682,0.0,0.000828916700101839,0.032943419509180075,70.0,0,Carlotta
4028.0,-11.533851151168989,2.0686130719017797,4076.0,-18.572693633433673,14.713053680620982,0.0,2.2589918685776212e-05,0.07445337209745043,0.0,0.0011736276863005548,0.027924469384113623,70.0,0,Carlotta
4028.0,-11.531805857953735,1.9559539385429492,4076.0,-18.5659796580976,14.753948544047164,0.0,2.662813227553191e-05,0.03139767024196689,0.0,0.0012758840457106826,0.03271880210800608,70.0,0,Carlotta
4028.0,-11.529121237969647,1.9223531813540025,4076.0,-18.55213502783884,14.820953640389353,0.0,2.7507676078856682e-05,0.02436766700173834,0.0,0.0019599824785483154,0.05115347875639182,70.0,0,Carlotta
4028.0,-11.526138422150227,1.8609259776732725,4076.0,-18.543918607449342,14.873492109274721,0.0,2.960645186128745e-05,0.03487125875826569,0.0,0.0022295357394882154,0.060719580780304684,70.0,0,Carlotta
4028.0,-11.524325046274534,1.8197446585474941,4076.0,-18.523626441372308,15.003549790573864,0.0,2.0197467167965187e-05,0.0457965487853022,0.0,0.0017621466403638052,0.07267176135043148,70.0,0,Carlotta
4028.0,-11.523094516364345,1.7135250160025723,4076.0,-18.50756578186813,15.228446781450012,0.0,1.3950811738966982e-05,0.07409639899731772,0.0,0.002779553091393128,0.16102778002446372,70.0,0,Carlotta
4028.0,-11.522510095748117,1.587819026763931,4076.0,-18.4945805565241,15.411448176187749,0.0,1.0931794274668574e-05,0.09282507829096798,0.0,0.002439993166423292,0.17335239663068688,70.0,0,Carlotta
4028.0,-11.522092373972837,1.500152471074984,4076.0,-18.500853931512246,15.448839483373083,0.0,1.053603295298209e-05,0.056727537102332096,0.0,0.00219768556223599,0.13967131024583723,70.0,0,Carlotta
4028.0,-11.52259130726518,1.4913687065897736,4076.0,-18.48222640268954,15.562755043568538,0.0,5.944143686680426e-06,0.06622544247316844,0.0,0.006044486718610397,0.19221903756769737,70.0,0,Carlotta
4028.0,-11.521485240005443,1.6627492192591615,4076.0,-18.450322137199645,15.764473351293372,0.0,1.1504227292677801e-05,0.21264857087384548,0.0,0.01340729281313824,0.3506974914017517,70.0,0,Carlotta
4028.0,-11.519973976135844,1.8064724815885165,4076.0,-18.45765678973621,15.715429287982145,0.0,1.721611717838135e-05,0.20694504474162587,0.0,0.013323261468480797,0.34776598688072674,70.0,0,Carlotta
4028.0,-11.51871409767644,1.926672555700995,4076.0,-18.47166691647193,15.655059631917329,0.0,1.7157098560362263e-05,0.12368717469773417,0.0,0.01510217514476519,0.34804178639703137,70.0,0,Carlotta
4028.0,-11.516901288853147,2.1692173867511086,4076.0,-18.47021483927447,15.694202224291598,0.0,2.4070986770059234e-05,0.24012260631577975,0.0,0.017255014467894427,0.36053456090709374,70.0,0,Carlotta
4028.0,-11.51512156042952,2.265213427015564,4076.0,-18.559583586066193,15.148700569863333,0.0,1.3244647749348655e-05,0.1731773611657863,0.0,0.03031968459724358,1.2267529272197384,70.0,0,Carlotta
4028.0,-11.51362861420699,2.2256303327240836,4076.0,-18.64217350499375,14.610154959424083,0.0,1.7631606362165015e-05,0.1741317043767893,0.0,0.023918283685465364,1.2481355306584232,70.0,0,Carlotta
4028.0,-11.51222325904792,2.2144366643057003,4076.0,-18.67272924240353,14.338978208458503,0.0,2.1278326847184295e-05,0.2031635003170049,0.0,0.018035959939048593,0.9850900530676769,70.0,0,Carlotta
4028.0,-11.510415151128633,2.363862986639998,4076.0,-18.665224778604635,14.212251152863072,0.0,1.6288009365677403e-05,0.18018125682250358,0.0,0.019855224477240616,0.7768115198268626,70.0,0,Carlotta
4028.0,-11.509040714536507,2.352029827547523,4076.0,-18.646704006245358,14.211597945330805,0.0,1.9794762194649555e-05,0.141766933832167,0.0,0.02406619419634453,0.7417714260512707,70.0,0,Carlotta
4027.7551020408164,-11.505261393097042,2.3997833679629155,4076.0,-18.538348287584345,14.875148696833744,0.9196168263223659,3.3220780840521043e-05,0.37567768482411373,0.0,0.025694054489360702,0.9171319263671597,70.0,0,Carlotta
4027.7551020408164,-11.502629304320289,2.533497925862759,4076.0,-18.461025798087693,15.36491499108518,0.919616826322366,4.0169007047769e-05,0.3847195128738373,0.0,0.014022284251647385,0.6011816872687564,70.0,0,Carlotta
4027.7551020408164,-11.501651585995385,2.591851539211195,4076.0,-18.417168956966623,15.702944421026382,0.9196168263223663,5.3612960230974847e-05,0.43074644744978985,0.0,0.006189892337637625,0.34026282379723466,70.0,0,Carlotta
4028.081632653061,-11.505415590633499,2.412978223345288,4075.918367346939,-18.38162698227612,15.866722122059658,2.279050395668474,0.00016224157194046654,0.7522213322604647,0.3198667221990837,0.0035792198495869423,1.0151682271551516,70.0,0,Carlotta
4028.081632653061,-11.508899708172061,2.1328407268285265,4075.918367346939,-18.354798819203857,16.113090759688955,2.2790503956684742,0.00020741877831977483,0.8744111162761514,0.31986672219908363,0.0038868787656361446,1.0437027313582137,70.0,0,Carlotta
4028.326530612245,-11.511414373524252,2.0214899983796304,4075.918367346939,-18.390373092218773,15.90932050548487,1.199500208246565,0.00016548253075212893,0.648291911334645,0.3198667221990836,0.006799961130162423,1.1356671783244208,70.0,0,Carlotta
4028.326530612245,-11.513142329626852,1.8972735044108724,4075.918367346939,-18.41276327748612,15.791232311978101,1.1995002082465656,0.0001238315193655155,0.4999225152331071,0.3198667221990835,0.008841749883119459,1.1723031032185074,70.0,0,Carlotta
4028.2448979591836,-11.513264455842172,1.89840636970546,4075.918367346939,-18.424792916255864,15.636100054005238,0.9196168263223664,9.508376823003082e-05,0.37683014033661666,0.31986672219908346,0.009277580005876593,1.1867403851879423,70.0,0,Carlotta
4028.0,-11.507974854774021,2.101944968114665,4076.0,-18.444098325284397,15.610520283238708,0.0,5.3873966418987226e-05,0.21567770435723532,0.0,0.007034098860750847,0.30947967943828747,70.0,0,Carlotta
4028.0,-11.503786381511114,2.347037929150215,4076.0,-18.459008766588752,15.490883647420782,0.0,1.6729520377367053e-05,0.0976123331836261,0.0,0.002215856153597189,0.0695100937989287,70.0,0,Carlotta
4028.0,-11.501805783100417,2.4658175651872223,4076.0,-18.430076383205396,15.654689223590314,0.0,1.7777179497069127e-05,0.05601420422108303,0.0,0.003999351994593504,0.13358220132915108,70.0,0,Carlotta
4028.0,-11.499543936559874,2.6166130126978047,4076.0,-18.396322733167555,15.851230342596457,0.0,2.274240537322838e-05,0.07030020865302988,0.0,0.0035115616502887697,0.17824633004064905,70.0,0,Carlotta
4028.0,-11.497058541399783,2.763321436881829,4076.0,-18.360861078161754,16.101349254005115,0.0,1.4632053690947853e-05,0.07759881691360242,0.0,0.0027721269516485627,0.116632804897309,70.0,0,Carlotta
4027.8367346938776,-11.495562226229312,2.791301423854779,4076.0,-18.32712321091891,16.33803639726903,0.6264056643065389,1.2947753284882228e-05,0.26928574178947434,0.0,0.002681704634469406,0.09560848213849416,70.0,0,Carlotta
4027.591836734694,-11.494579277936099,2.7642504140854998,4076.0,-18.29835844012879,16.520604921093113,1.4660558100791339,1.0824132025772034e-05,0.5229858560979812,0.0,0.0021116375699395573,0.07782264352019327,70.0,0,Carlotta
4027.4285714285716,-11.492870541032836,2.7958341487400293,4076.0,-18.274680890678752,16.681638415615925,1.9591836734693888,1.0947429661432517e-05,0.7108837704166749,0.0,0.001687610164825955,0.059377204613377345,70.0,0,Carlotta
4028.0,-11.496651096462674,2.6443296283494186,4075.265306122449,-18.245600453332006,15.529282145103913,5.877551020408164,0.00012570217741179397,0.8751563036577584,2.399000416493129,0.001901319436499945,6.75470923182225,70.0,0,Carlotta
4029.061224489796,-11.505589384453272,2.3579569825973348,4075.0204081632655,-18.243308916867285,15.158745469296075,10.955435235318621,0.0004174968279162305,1.0661049207197633,2.9587671803415256,0.002258184040452526,8.635547303572961,70.0,0,Carlotta
4029.6326530612246,-11.507606378036627,2.2063987567061663,4075.0204081632655,-18.274389363910647,15.051058249999649,10.395668471470211,0.0003989327417523769,1.0557588643199853,2.958767180341528,0.007651263752924019,8.343688545478535,70.0,0,Carlotta
4029.9591836734694,-11.50866528351923,2.0838564710689425,4075.0204081632655,-18.281689498925985,14.98339252090074,7.916701374427312,0.00037763316729008315,0.8327414741032169,2.958767180341529,0.009753696286051034,8.153287761965364,70.0,0,Carlotta
4030.0408163265306,-11.50875019312638,2.033579014322499,4074.204081632653,-18.21715378025923,13.740612401697756,7.263640149937522,0.0003729348934835355,0.6713279135299512,3.9583506872136605,0.033100478522696694,9.431561319221201,70.0,0,Carlotta
4029.3061224489797,-11.50386871667089,2.1563949780962495,4074.122448979592,-18.148369200863275,13.900559175633392,6.130778842149093,0.0003614597487436445,0.6370054394443612,3.9850062473969143,0.05699841116790466,7.641360669564298,70.0,0,Carlotta
4028.2448979591836,-11.494239879403032,2.34037893149985,4073.5510204081634,-18.053393999900166,13.287767342568026,1.5726780508121625,4.7961384122090774e-05,0.5511116277121574,3.7984173261141168,0.06131433021560216,6.367592265502568,70.0,0,Carlotta
4027.918367346939,-11.491840821057146,2.581158686713847,4072.734693877551,-17.927396063136737,12.366973939985915,0.3198667221990835,2.58784327743096e-05,0.30834577187094125,2.399000416493123,0.03147224208622084,4.279953284879151,70.0,0,Carlotta
4027.918367346939,-11.489916676574346,2.8252290476171127,4072.0,-17.83431384453712,11.508596865131,0.31986672219908346,1.6984857859272603e-05,0.12221027540300364,0.0,0.0037426995047206407,0.16064938754350058,70.0,0,Carlotta
4028.0,-11.4891531755311,2.921701474046487,4072.0,-17.804385838446294,11.743671569728743,0.0,1.8496110221471805e-05,0.025939374632658073,0.0,0.0014208949539074246,0.05737847523797858,70.0,0,Carlotta
4028.0,-11.4878395971336,2.9993948751541892,4072.0,-17.786642628797736,11.884141788107582,0.0,1.5723659714579862e-05,0.03218189428614639,0.0,0.0014647424482097232,0.08697721248346214,70.0,0,Carlotta
4027.265306122449,-11.486465875635863,2.667405420096857,4072.0,-17.77578157887077,12.001508005334959,2.399000416493129,1.6718847768454028e-05,0.7161720898206854,0.0,0.0009536727117878511,0.06663888554604533,70.0,0,Carlotta
4026.4489795918366,-11.484560771975113,2.346633097562192,4072.0,-17.771855967645415,12.075910822266744,3.7984173261141185,1.833291803490114e-05,0.9281486785685276,0.0,0.0009104437806351345,0.046837007573016044,70.0,0,Carlotta
4026.0408163265306,-11.482373636668354,2.150933844813654,4072.0,-17.776320169759952,12.10699254482253,3.9983340274885473,1.9975575330604797e-05,1.091205983852292,0.0,0.0010542181263429866,0.0323842687031147,70.0,0,Carlotta
4025.6326530612246,-11.479297154360978,1.9272040778990147,4072.0,-17.779976901776813,12.098384224411703,3.8650562265722592,3.1306318757095183e-05,1.0995442176874706,0.0,0.0014857603541351047,0.033401739535866254,70.0,0,Carlotta
4026.530612244898,-11.485743301252063,1.674144895069939,4072.0,-17.751513627163927,12.176319303265009,10.249062890462309,0.0002847527794505728,0.7937440766927387,0.0,0.007182860126486794,0.10006468314271226,70.0,0,Carlotta
4028.1632653061224,-11.495900098351823,1.6898266914537512,4072.0,-17.705011532680228,12.265110997297613,13.687630154102468,0.0006368906189061451,0.7299718833710509,0.0,0.011911585847628496,0.11799569240204034,70.0,0,Carlotta
4030.0408163265306,-11.508862916319226,1.7963823264784033,4072.0,-17.67301900709651,12.265975691478458,12.48812994585588,0.0008920808547535772,0.8820325089301063,0.0,0.01137152060563306,0.13669743726842876,70.0,0,Carlotta
4031.265306122449,-11.522475452039188,1.6724543489051136,4072.0,-17.636729715642776,12.275429716380795,8.929612661391094,0.0007607651984428536,0.709444402958005,0.0,0.007518808811480359,0.14513938099990648,70.0,0,Carlotta
4031.591836734694,-11.525406945348065,1.493515289071212,4072.081632653061,-17.689610355059447,12.156408149868403,4.731361932528111,0.0005118462260956528,0.5393268207245613,0.3198667221990837,0.03547545400976761,1.1022124329417713,70.0,0,Carlotta
4030.7755102040815,-11.51725599995318,1.4612032560914778,4072.816326530612,-17.79109974210061,13.019624538535837,6.663890045814237,0.0008343336381427188,0.5016581416601081,2.5989171178675545,0.057209999048029155,5.737414476125149,70.0,0,Carlotta
4029.877551020408,-11.506442611057034,1.582075850357483,4072.8979591836733,-17.89170655531209,12.743610664586406,6.59725114535609,0.0009619656274283244,0.4802356689616814,2.785506039150352,0.05011712416560498,7.186464653401988,70.0,0,Carlotta
4028.816326530612,-11.491682354918117,1.7469923652856292,4072.9795918367345,-17.94916885681441,12.751473593364768,3.251978342357362,0.0006698663068652857,0.4784414777043483,2.958767180341527,0.03379199229370358,7.885579146595545,70.0,0,Carlotta
4028.0,-11.477143731691879,2.048351255119509,4072.9795918367345,-17.977408430183246,12.723916125227719,0.0,4.951418842661247e-05,0.5849137253249621,2.958767180341529,0.018735479326962,7.918468655147077,70.0,0,Carlotta
4027.5102040816328,-11.473544498570407,2.2405536425622117,4072.816326530612,-17.90140410547049,12.765269674709428,1.7192836318200753,3.9783816732013876e-05,0.5666851191007716,2.598917117867554,0.026835701828314587,6.383295278557474,70.0,0,Carlotta
4026.6938775510203,-11.470469036663014,2.3258940636618886,4072.1632653061224,-17.798463733888916,12.080106102430326,3.5185339441899197,3.135603105023817e-05,0.43881451306508745,0.6264056643065381,0.0286016255199867,1.9167696162811498,70.0,0,Carlotta
4025.877551020408,-11.467012234564645,2.2618748959945396,4072.0,-17.70354562495087,12.256972364760458,3.9850062473969134,1.8138152112117317e-05,0.4929104773356329,0.0,0.015757662015328033,0.3523976060392212,70.0,0,Carlotta
4025.061224489796,-11.464814293552529,1.9760340103297676,4072.0,-17.66050815066462,12.457753649647023,3.11870054144107,2.0907028799585273e-05,0.5749245115162454,0.0,0.007382460260605647,0.20935855554173663,70.0,0,Carlotta
4024.2448979591836,-11.463964606437978,1.7895516187848393,4072.0,-17.59828456570782,12.83278977422999,0.9196168263223665,1.7620993593204024e-05,0.3271826914041229,0.0,0.013767676315413868,0.3693310861511719,70.0,0,Carlotta
4024.0,-11.461546001428335,1.9893936522971343,4072.0,-17.492467136421876,13.336946745696673,0.0,2.5684227332918613e-05,0.40024586285178304,0.0,0.0406246239125784,0.9353354728411352,70.0,0,Carlotta
4062.0408163265306,-12.705113691759347,1.390936517455387,4068.0,-17.557019843978374,18.08891640095919,3.9983340274885473,0.00046522529912270175,1.768856587045726,0.0,0.0012664231651894696,0.5277090437061355,70.0,1,Carlotta
4062.6938775510203,-12.713158260162581,1.6667028907795212,4068.081632653061,-17.556519032988252,17.992166605907048,3.518533944189914,0.0005148243014640252,1.5051413944320804,0.3198667221990837,0.0010360567085529013,1.1487579885857406,70.0,1,Carlotta
4063.183673469388,-12.71399738769717,2.0255463481166833,4068.081632653061,-17.55807489841068,18.327738030752077,2.598917117867554,0.0005293558803422177,1.2902975049241194,0.31986672219908363,0.0013595734908029519,1.1818930077242866,70.0,1,Carlotta
4063.0204081632655,-12.706627679513115,2.0822817872231822,4068.081632653061,-17.56068543570917,18.536699582482715,2.9587671803415243,0.0010816586487381798,1.0561821899934278,0.3198667221990836,0.0012838043321589674,1.3949359440740845,70.0,1,Carlotta
4062.3673469387754,-12.681952005715923,2.1254593434836537,4068.081632653061,-17.57935004393399,18.267970587092336,3.8650562265722606,0.0024107620588514206,0.8257925463965653,0.3198667221990835,0.001201695567475993,1.5103461888485954,70.0,1,Carlotta
4061.5510204081634,-12.658861391471019,1.9052517978669359,4068.081632653061,-17.586885765694696,18.18155754400184,3.7984173261141168,0.002697703147034829,0.7423711521282026,0.31986672219908346,0.0010410068545721007,1.5387240116757908,70.0,1,Carlotta
4060.734693877551,-12.638259216066801,1.6570514180283296,4068.0,-17.57541676359519,18.650858136659792,2.3990004164931236,0.001271282629613172,0.8774583363074253,0.0,0.0015117611398349116,1.0462664967203146,70.0,1,Carlotta
4060.2448979591836,-12.622387193313244,1.6112245903166218,4068.0,-17.571709027875233,18.56289371591229,0.9196168263223665,0.000652656798365769,0.4905907282088431,0.0,0.001187685316109984,0.9129000645055665,70.0,1,Carlotta
4060.0,-12.615037730008238,1.5580014345785722,4068.0,-17.570889224745628,18.416020506942594,0.0,0.0001708541627075332,0.20134912118773904,0.0,0.001106373055792428,0.6780438475267283,70.0,1,Carlotta
4060.0,-12.62170182915799,1.3512962368777028,4068.0,-17.556425383570392,18.65860532076896,0.0,0.00022085599648811687,0.20295797832377585,0.0,0.0006282521648261401,0.48814980112135486,70.0,1,Carlotta
4060.0,-12.628885244936004,1.187949735253276,4068.0,-17.548554713339577,18.831607181401473,0.0,0.0002480852019430772,0.21870104800665655,0.0,0.00032369157892544326,0.3440524978147128,70.0,1,Carlotta
4060.0,-12.633199034983342,1.1238605932297818,4068.0,-17.54839065602033,18.667059641478026,0.0,0.00033372379634561664,0.25684270799236364,0.0,0.00027200173111287257,0.14074212675732398,70.0,1,Carlotta
4060.0,-12.641757110804315,0.8985816510588377,4068.0,-17.53888366347721,18.800320258120472,0.0,0.00019425820397174498,0.1725288960691586,0.0,0.00029674643349896103,0.18058248960914303,70.0,1,Carlotta
4060.6530612244896,-12.65427246745002,1.1446193776330538,4068.0,-17.530273977213277,18.799430058473064,2.1857559350270717,0.00027762603353686784,0.9558999567605715,0.0,0.00038835120673807024,0.2366717293504801,70.0,1,Carlotta
4061.3061224489797,-12.665019080367296,1.4739986482029888,4068.0,-17.522573364201552,18.67201501964265,3.5185339441899197,0.00043016541409164453,1.6032466922918527,0.0,0.00038750807344753045,0.3206260374522911,70.0,1,Carlotta
4061.387755102041,-12.671098304551508,1.4150101074500603,4068.0,-17.518658439116933,18.61410946476091,3.625156184922947,0.0003603353617314328,1.8763376646628247,0.0,0.0002853939610260321,0.35183625256599643,70.0,1,Carlotta
4061.387755102041,-12.676324363394244,1.2927371698767631,4068.0,-17.51910217798754,18.60499126183636,3.625156184922946,0.0002522672063500957,2.103731631847103,0.0,0.0002864584915353982,0.3199410793653682,70.0,1,Carlotta
4061.469387755102,-12.680895165792103,1.2616178822377788,4068.0,-17.522710016262515,18.507064263267562,3.7184506455643502,0.00010801602709329949,2.3364524243335074,0.0,0.00034546286164260963,0.264849488666317,70.0,1,Carlotta
4061.061224489796,-12.680136261952427,0.9465746205999916,4068.0,-17.528342119977918,18.693699439430617,3.1187005414410667,9.645477781582696e-05,1.9342117092053135,0.0,0.0003410405040884194,0.2601246239439691,70.0,1,Carlotta
4060.408163265306,-12.67479930075384,0.5096577177658612,4068.0,-17.536468764211296,18.795264707571253,1.4660558100791323,6.95057222674558e-05,0.953598718978852,0.0,0.0002948113656113712,0.2223484881577665,70.0,1,Carlotta
4060.408163265306,-12.672852416942224,0.5622170692231174,4068.0,-17.538856772595402,18.886678057358644,1.4660558100791317,8.131062591352231e-05,0.9172628809736247,0.0,0.00027966094302376535,0.16021811863677488,70.0,1,Carlotta
4060.5714285714284,-12.67203288601375,0.7366050450796009,4068.0,-17.538164681703336,18.963774159291443,1.9591836734693902,8.664128403643834e-05,1.2267634679216952,0.0,0.00031043422828748386,0.16922725837982253,70.0,1,Carlotta
4060.5714285714284,-12.671448869447493,0.7520112529135198,4068.0,-17.536260387893147,19.075916092409045,1.9591836734693906,7.053533897897206e-05,1.2687488312987096,0.0,0.0003048437950982619,0.1370751807520285,70.0,1,Carlotta
4060.326530612245,-12.669300671246296,0.6168091847002405,4068.0,-17.53844153476389,19.02218007711033,1.199500208246565,4.787568115450939e-05,0.812199133559884,0.0,0.0002354143998845047,0.1189317115424241,70.0,1,Carlotta
4060.4897959183672,-12.671341658212246,0.7159255348381398,4068.0,-17.53916178260169,19.045458383097248,1.719283631820077,7.325576499625795e-05,1.0913356573726551,0.0,0.00017653801132454634,0.09912263828473046,70.0,1,Carlotta
4060.4897959183672,-12.673599167289337,0.6693180794631437,4068.0,-17.541260147997644,19.052147148081964,1.7192836318200777,7.014438665180832e-05,1.1309990693393277,0.0,0.00020123613408773203,0.09981083656719734,70.0,1,Carlotta
4060.4897959183672,-12.671863724636358,0.7846967345934194,4068.0,-17.541991775767535,19.08092712151789,1.7192836318200768,0.00019738066106083106,1.1707598914616462,0.0,0.00019630340416173175,0.24807693954561705,70.0,1,Carlotta
4060.734693877551,-12.673365580343368,0.9893839824214304,4067.918367346939,-17.534077304190625,19.178162067410636,2.399000416493127,0.0003647446947048435,1.2763889285052936,0.3198667221990837,0.0007822952083274239,0.9214566431913874,70.0,1,Carlotta
4060.734693877551,-12.674736868286367,0.9545672405871778,4067.673469387755,-17.522541107169708,19.17051889748914,2.399000416493126,0.0005075274585955105,1.368912720713945,1.1995002082465642,0.0010998390536120335,2.056558142088464,70.0,1,Carlotta
4060.5714285714284,-12.669456227574647,0.9422075932384374,4067.673469387755,-17.51555576040843,19.37001693411056,1.9591836734693902,0.0005716794293484386,1.0801442908267886,1.1995002082465647,0.0009459162487603724,2.0902850624402385,70.0,1,Carlotta
4060.5714285714284,-12.668241703897474,1.0837644018944776,4067.673469387755,-17.50960057038636,19.473707991187403,1.9591836734693906,0.0006009001146326657,0.9905420807106532,1.1995002082465653,0.0006756326882390285,2.0700481670694524,70.0,1,Carlotta
4060.408163265306,-12.67250777329582,0.8299099832994745,4067.673469387755,-17.50139510936979,19.660922160754964,1.4660558100791352,0.0004950133635022249,0.7027340377932676,1.1995002082465658,0.00042769954300625305,1.9678051414149622,70.0,1,Carlotta
4060.081632653061,-12.672085418994461,0.5868062844384844,4067.7551020408164,-17.504963351960132,19.769067186829613,0.3198667221990836,0.00034594644221905735,0.3594206848626107,0.9196168263223665,0.0002610467622844209,1.4861868503174536,70.0,1,Carlotta
4060.081632653061,-12.671918638417491,0.5939843017144022,4068.0,-17.508245128731854,20.05113174751967,0.3198667221990835,0.00027281229638014416,0.3031339482722921,0.0,0.00014303635398848553,0.1840777013655954,70.0,1,Carlotta
4060.081632653061,-12.672299210188521,0.5512879132139478,4068.0,-17.505728149616385,20.132444187952373,0.31986672219908346,0.00029007495842409153,0.2901014800261549,0.0,0.0001344176114649901,0.16994319131123925,70.0,1,Carlotta
4060.081632653061,-12.66972038086279,0.5382257361923892,4067.918367346939,-17.50316844872054,20.18902480779092,0.3198667221990834,0.00029823640658670697,0.23605745609303763,0.3198667221990837,0.00016761355234265002,0.6775800153587179,70.0,1,Carlotta
4060.0,-12.662305596732692,0.6865776314066486,4067.918367346939,-17.511923956528786,20.070077733123018,0.0,0.0003322269321533029,0.26044441614941105,0.3198667221990836,0.00037346862132174325,0.7462811359825962,70.0,1,Carlotta
4060.0,-12.656654367793257,0.9523544256009495,4067.918367346939,-17.5216681654202,19.837677608920487,0.0,0.00022065873729358598,0.29995519410727556,0.3198667221990835,0.0006933870972628541,0.8633544717221089,70.0,1,Carlotta
4060.0,-12.665115758880054,0.9759930298551477,4067.918367346939,-17.531070038817266,19.562516780619987,0.0,0.0006294307021553652,0.2957865426138166,0.31986672219908346,0.0008056212785406494,0.9917873928317888,70.0,1,Carlotta
4060.0,-12.67257127558818,1.0230130921773886,4067.918367346939,-17.539952730262133,19.37677943723241,0.0,0.0006428594847501589,0.28731218461903424,0.3198667221990834,0.0006010591717558861,0.8883831581334888,70.0,1,Carlotta
4060.0,-12.679859722243773,0.9569678891068656,4068.0,-17.546794524753285,19.364320015165507,0.0,0.0006177773264920056,0.3161724370123401,0.0,0.00030400142542274074,0.3343331200034391,70.0,1,Carlotta
4060.0,-12.68828301948784,0.8094829625652483,4068.0,-17.55047153581153,19.257791920425213,0.0,0.0003236289925508598,0.2134559861154333,0.0,0.00024441657148016415,0.2599527385658738,70.0,1,Carlotta
4060.0,-12.69175002103648,0.7198656840222065,4068.0,-17.550640261762652,19.23405347095842,0.0,0.00014086124318525906,0.09653090335058356,0.0,0.00016654461913105388,0.15726783594365928,70.0,1,Carlotta
4060.0,-12.685289615713819,0.7939075439249031,4068.0,-17.549733325545475,19.267758048218248,0.0,8.822173033961613e-05,0.0741140378410908,0.0,0.0001486398298630518,0.11688043474131789,70.0,1,Carlotta
4060.408163265306,-12.687911277767045,0.912154234248935,4067.673469387755,-17.54033973179106,19.085727188130488,1.4660558100791332,0.00017441502798298713,0.5723490979756071,1.199500208246564,0.0005984664114305172,1.4343796212960171,70.0,1,Carlotta
4060.4897959183672,-12.689181808489822,0.9006033478616337,4067.183673469388,-17.530422590885227,18.658655333082354,1.719283631820076,0.00018724017453574057,0.763345855349954,2.5989171178675545,0.0008311067401448718,3.522525215862387,70.0,1,Carlotta
4060.4897959183672,-12.691827841248836,0.85806514035275,4067.183673469388,-17.52519524154721,18.886843803311145,1.7192836318200764,0.00021874104203702544,0.7859691259763659,2.5989171178675545,0.0006899059617937775,3.9810887447996053,70.0,1,Carlotta
4060.4897959183672,-12.694149235504915,0.7440505997395637,4066.938775510204,-17.514640882536725,18.880655804182428,1.7192836318200773,0.00017920775122453052,0.7928329205667161,3.1187005414410653,0.0005022783846525916,5.335798075078131,70.0,1,Carlotta
4060.4897959183672,-12.691144099582592,0.8075414740577781,4066.7755102040815,-17.50703037345029,18.9351903905215,1.719283631820078,0.00032310131522558073,0.8037002958035718,3.3985839233652633,0.00030093970269455935,6.5255859831405045,70.0,1,Carlotta
4060.0,-12.678520183608175,0.7171984644374888,4067.183673469388,-17.510273741552332,19.44407114217705,0.0,0.0005882657869374266,0.20324133817043857,2.598917117867554,0.00024823521524261244,5.292141028445617,70.0,1,Carlotta
4060.0,-12.667789219632043,0.8540571456330904,4067.591836734694,-17.512285439037502,20.011829742571166,0.0,0.0005631431258447829,0.12343253525250908,1.4660558100791323,0.00022532711644819537,2.9705717676370096,70.0,1,Carlotta
4060.0,-12.65848264656209,0.9215523713955895,4067.5102040816328,-17.510212110565107,19.970548730682722,0.0,0.0002575434633217857,0.09869496374450111,1.719283631820078,0.00016287904014612524,3.6458092697125895,70.0,1,Carlotta
4060.0,-12.648527922459165,1.0992155884986041,4067.4285714285716,-17.513087719297424,19.826929645815188,0.0,0.00011955851620285,0.14160118247477635,1.9591836734693888,0.00010856583396096074,3.7734373135957755,70.0,1,Carlotta
4060.081632653061,-12.651343665189072,0.9509521082417095,4066.7755102040815,-17.510046169442433,19.135954075065484,0.3198667221990837,0.00022772796822696976,0.40945155315326115,3.3985839233652637,0.00018662157008621482,4.98615309497299,70.0,1,Carlotta
4060.081632653061,-12.655606244046394,0.833777782411599,4066.0408163265306,-17.50772330276828,18.122839628993002,0.31986672219908363,0.00022478904938756593,0.39637989377611427,3.9983340274885473,0.00024408635187555123,6.767740458410644,70.0,1,Carlotta
4060.081632653061,-12.65875863013429,0.7713879851388341,4065.469387755102,-17.50483118723712,17.358369758995273,0.3198667221990836,0.00021951786339717547,0.4225357380226385,3.7184506455643502,0.0002851179001360065,6.591388883952074,70.0,1,Carlotta
4060.081632653061,-12.654710234098607,0.9046281864401776,4065.5510204081634,-17.507621292539476,17.390336624740247,0.31986672219908346,0.00031342464271561036,0.5148044303428211,3.79841732611412,0.0004237974398607069,6.107645352052614,70.0,1,Carlotta
4060.081632653061,-12.651256033047167,1.030813175808315,4065.9591836734694,-17.511014947592138,17.862908514639795,0.31986672219908346,0.0004496291086610054,0.5992572543781876,3.9983340274885473,0.0005301582212208941,6.274035928929808,70.0,1,Carlotta
4060.0,-12.646882642086467,1.1369482278657175,4066.7755102040815,-17.51856990614448,18.634337545720197,0.0,0.00033626769962720405,0.3769785554019942,3.3985839233652593,0.0004889356589546555,5.777718735594143,70.0,1,Carlotta
4060.081632653061,-12.647762444759726,1.2053462988314037,4067.5102040816328,-17.524528433953442,19.38789555926099,0.3198667221990837,0.00041088834458905736,0.5134344255744336,1.7192836318200782,0.0006205073310783231,3.0072252056836057,70.0,1,Carlotta
4060.081632653061,-12.648949718629275,1.224193074542803,4068.0,-17.536182547377468,19.663881188861716,0.31986672219908363,0.00044962778435997543,0.4971090455617969,0.0,0.0006411981074205153,0.6916315343002943,70.0,1,Carlotta
4060.4897959183672,-12.659721574113199,1.2392375962532345,4068.0,-17.542007304909344,19.249111694188908,1.7192836318200753,0.0006855195270835038,0.8109235643630173,0.0,0.0008367218058068186,0.9352289332496938,70.0,1,Carlotta
4060.5714285714284,-12.672857684063713,0.9082570726794768,4068.0,-17.543720951804186,18.99018714264214,1.9591836734693884,0.0003701550653101496,1.0278399112774002,0.0,0.0007960320377326717,0.7059319157429602,70.0,1,Carlotta
4060.5714285714284,-12.677231373026501,0.7592430827924725,4068.0,-17.546485826600453,18.802633505857813,1.9591836734693893,0.00027371781407024967,1.0839374179897912,0.0,0.000629226057882515,0.43474818752812,70.0,1,Carlotta
4060.4897959183672,-12.677036873409232,0.6528088443339521,4068.0,-17.544492825795565,18.89329673910857,1.7192836318200773,0.0002380628617126756,0.888661685044753,0.0,0.00046000298017553453,0.4345053254222665,70.0,1,Carlotta
4060.4897959183672,-12.675575853097683,0.631761000695381,4068.0,-17.54014696751754,19.14298244807743,1.719283631820078,0.0002645090283584041,0.8648863470361183,0.0,0.00037366375714978015,0.4790295775849889,70.0,1,Carlotta
4060.0,-12.66688968595375,0.520143067308508,4068.0,-17.53861707778041,19.373825762427142,0.0,0.00020818706236220178,0.2999266369358322,0.0,0.00021501972461969817,0.22473664169348864,70.0,1,Carlotta
4060.0,-12.66124575536187,0.7270358334845691,4068.0,-17.536597799018942,19.61337663200215,0.0,0.00011972204949772786,0.20819639163507683,0.0,0.0002405680335307782,0.23316753905747215,70.0,1,Carlotta
4060.2448979591836,-12.663312774181387,0.9261109855681265,4067.265306122449,-17.523560235033592,19.055928117791225,0.9196168263223659,0.00022641395919616964,0.5681367469768039,2.399000416493129,0.000967301142090464,2.611713849635342,70.0,1,Carlotta
4060.5714285714284,-12.665722334253669,1.0842946491380878,4067.1020408163267,-17.51616363226388,19.003529452038112,1.9591836734693886,0.0002648084125125038,0.9154054900303792,2.785506039150352,0.001310461993233909,3.2385621572903958,70.0,1,Carlotta
4060.6530612244896,-12.664608753172502,0.9651290337643952,4067.1020408163267,-17.509091265405374,19.065836954051132,2.185755935027071,0.0002930435308614032,1.1901872982258543,2.7855060391503517,0.0010117723014029334,3.3433446032768224,70.0,1,Carlotta
4060.6530612244896,-12.66337476354664,0.7982124584889494,4067.1020408163267,-17.50034635988948,19.293725346516435,2.1857559350270703,0.0003361624052669034,1.196224909340806,2.785506039150351,0.0006585901324017865,3.7655373927903786,70.0,1,Carlotta
4060.6530612244896,-12.65880656184616,0.7570757964065843,4067.1020408163267,-17.50136614034049,19.342973350520413,2.1857559350270694,0.0004391386940288062,1.2048977732183366,2.7855060391503508,0.0006609245461362946,3.8393088974945857,70.0,1,Carlotta
4060.408163265306,-12.649425998761814,0.6854719939460125,4067.918367346939,-17.515161853219066,20.29043455472379,1.4660558100791317,0.00023770929851836997,0.7420226741305536,0.3198667221990834,0.0005397535083954578,0.5985397926364547,70.0,1,Carlotta
4060.081632653061,-12.644387066679176,0.5591685040140367,4068.0,-17.519578283008403,20.525226090620407,0.31986672219908346,6.562190080762988e-05,0.2634964035096776,0.0,0.00028656169116069813,0.1566553816592044,70.0,1,Carlotta
4044.0,-11.290105519635954,-2.465809348907897,4029.3061224489797,-17.397932262825236,8.834106059086436,0.0,0.00016804972340234915,0.005306493616226114,3.518533944189916,0.0005111251992577832,8.041758165934468,70.0,2,Carlotta
4044.0,-11.284877622142742,-2.4243885805480936,4029.3061224489797,-17.40471472162936,8.793427123593899,0.0,7.532472580942053e-05,0.004789769863118019,3.518533944189915,0.000522458517537816,8.16910516497588,70.0,2,Carlotta
4044.0,-11.282554986421685,-2.39955993784183,4029.714285714286,-17.407895862610822,9.410315063755144,0.0,0.00011160712332744849,0.004448228441908623,3.9183673469387736,0.0005089367414387942,8.900028051644624,70.0,2,Carlotta
4044.0,-11.277410379231638,-2.358205221504263,4028.9795918367345,-17.417753545103555,8.423036910300333,0.0,0.00010610587483940148,0.002591687525808948,2.9587671803415274,0.00015011605121775283,6.388472573460559,70.0,2,Carlotta
4044.0,-11.276483917314447,-2.334689309970556,4028.6530612244896,-17.421403528875544,8.01357990253822,0.0,9.026944646531194e-05,0.000984490828140729,2.1857559350270694,6.75116961210017e-05,4.494212400054286,70.0,2,Carlotta
4044.0,-11.275497195978817,-2.3291166888131443,4028.734693877551,-17.422271099380872,8.146615114729375,0.0,8.148574449095228e-05,0.0008828147053123506,2.399000416493125,7.30452039088926e-05,4.938993239122092,70.0,2,Carlotta
4044.0,-11.273060911069146,-2.319124895529965,4028.6530612244896,-17.423392362643252,8.102758573570885,0.0,7.07050294862259e-05,0.0010261390448593557,2.185755935027068,8.643537655637578e-05,4.342984259821309,70.0,2,Carlotta
4044.0,-11.27107525236126,-2.2990991369534317,4028.081632653061,-17.425198342753422,7.302378389623163,0.0,3.8944688772989156e-05,0.001225019730565089,0.3198667221990835,6.881534248993287e-05,0.7359752571741873,70.0,2,Carlotta
4044.0,-11.268804710976967,-2.2985232685022363,4028.1632653061224,-17.41942868254444,7.32864987844655,0.0,5.62154667354727e-05,0.0012126767062063113,0.6264056643065394,0.00024161713344310356,1.463944323232289,70.0,2,Carlotta
4044.0,-11.266947536003482,-2.2938650194154824,4028.1632653061224,-17.41225878924097,7.353873758869568,0.0,6.212522501844457e-05,0.0011842117265001948,0.6264056643065392,0.0003513770699421089,1.4689273612072622,70.0,2,Carlotta
4044.0,-11.263796691489496,-2.281092753468232,4028.081632653061,-17.40534111173742,7.289487087827612,0.0,6.195864546930732e-05,0.000832046254209473,0.3198667221990836,0.00036872581465793245,0.8121658361938296,70.0,2,Carlotta
4044.0,-11.258648295975398,-2.281449050530777,4028.1632653061224,-17.401536227924954,7.5508113424255585,0.0,0.00010939886646211664,0.0012379041262414556,0.6264056643065391,0.00031059360182758127,1.4476804006979747,70.0,2,Carlotta
4044.0,-11.249766841689178,-2.274839542917031,4028.1632653061224,-17.403071945170794,7.681116933207391,0.0,0.00042322795811521806,0.00191754671563864,0.6264056643065389,0.00042379367013119283,1.4588813732305708,70.0,2,Carlotta
4044.0,-11.235831861873539,-2.2437298641290506,4028.326530612245,-17.41374279567786,7.813676484532113,0.0,0.0008765037581484703,0.004232413529685873,1.1995002082465636,0.0006407009660559044,1.2596503746708643,70.0,2,Carlotta
4044.0,-11.223431672447022,-2.20874273657487,4029.1428571428573,-17.421360933756173,8.55042358017451,0.0,0.0008429593948598136,0.006183108307810228,3.265306122448978,0.0005575678713792867,2.634405302134957,70.0,2,Carlotta
4044.0,-11.207388331200908,-2.1702784276823137,4029.9591836734694,-17.430980395840653,9.329499832795427,0.0,0.0006444591033209081,0.006127734243441099,3.9983340274885473,0.0003373198897289575,3.1673412046023337,70.0,2,Carlotta
4044.0,-11.187559273541074,-2.116169544509173,4030.6938775510203,-17.442667738427495,9.967031581818608,0.0,0.0007296299093373977,0.005019420636708481,3.518533944189914,0.00032877361874441457,3.042372985800244,70.0,2,Carlotta
4044.0,-11.175800567678879,-2.081703723550409,4031.5102040816328,-17.44991135056638,10.633829584245154,0.0,0.00048326776107856357,0.0028053705769316645,1.7192836318200782,0.0003626311140250681,1.820448581825509,70.0,2,Carlotta
4044.0,-11.167741259150812,-2.049755362566894,4032.0,-17.459642406905903,11.214504100957528,0.0,0.00044494513558860147,0.002659579578833837,0.0,0.0005336723392090272,0.06930550913212674,70.0,2,Carlotta
4044.0,-11.142964274300079,-2.0197007102560685,4032.0,-17.478618581951842,11.35028414529251,0.0,0.0022078224017965642,0.0033209054875730265,0.0,0.0009004676938317483,0.07238001566785737,70.0,2,Carlotta
4044.0,-11.125642352131004,-1.9706667693298756,4032.0,-17.49650211572605,11.464319398860956,0.0,0.0024965285276880734,0.005881667572960813,0.0,0.0008719562783746137,0.1039702169787077,70.0,2,Carlotta
4044.0,-11.117070279297568,-1.928878008971434,4031.3469387755104,-17.511432590068786,10.68032668259152,0.0,0.0024112334270550285,0.009711038872192799,2.1857559350270717,0.0009467273481878498,3.332288058358374,70.0,2,Carlotta
4044.0,-11.101126512625957,-1.8779802902135754,4030.8571428571427,-17.53011242429302,10.138830002750195,0.0,0.0021156110958785966,0.008497447738501635,3.265306122448978,0.0009095118290774557,5.545488150918565,70.0,2,Carlotta
4044.0,-11.05587274348348,-1.8127542779197363,4030.8571428571427,-17.55878239830227,9.809786813587257,0.0,0.00661180856066507,0.015159891600212598,3.265306122448978,0.002427551609656275,5.274037689630795,70.0,2,Carlotta
4044.0,-11.053213596631968,-1.6985077573563903,4030.530612244898,-17.573527572095315,9.329471928313598,0.0,0.0056939684465623095,0.03480570272893917,3.7184506455643493,0.002228491179437636,6.089519299230548,70.0,2,Carlotta
4044.0,-11.04855606393464,-1.6214575298657647,4030.204081632653,-17.583527187530343,8.87070153356515,0.0,0.0050930667079083555,0.033518954724803304,3.9583506872136605,0.0016941952399466536,6.476725762362697,70.0,2,Carlotta
4044.0,-11.044130072235655,-1.574836852697849,4030.530612244898,-17.586942819236093,9.255441309994826,0.0,0.0046876368112432065,0.025708263903000995,3.7184506455643502,0.0014523439731906917,7.093765667457201,70.0,2,Carlotta
4044.0,-11.047003147260725,-1.5233443194066527,4030.285714285714,-17.587538471378757,9.006651656841983,0.0,0.0047611463523436525,0.01385153099927717,3.9183673469387736,0.0013521471608939238,7.490404883431445,70.0,2,Carlotta
4044.0,-11.075550134340801,-1.5139585374694509,4029.714285714286,-17.573084389693467,8.568861238054826,0.0,0.00018037631520861967,0.005753414348639355,3.9183673469387728,0.00027402703340171546,8.88009854557848,70.0,2,Carlotta
4044.0,-11.076589688326825,-1.5585897422989117,4029.795918367347,-17.5611514997645,8.749489478506725,0.0,0.00013663818481651934,0.00337760465095094,3.9583506872136605,0.00022771847696573442,8.81273036717177,70.0,2,Carlotta
4044.0,-11.03097395012083,-1.6102076365321292,4029.795918367347,-17.57422866690492,8.519424193682864,0.0,0.011555687700644562,0.010972087305384291,3.9583506872136605,0.0014341946275064222,7.595210191509128,70.0,2,Carlotta
4044.0,-10.99573321861555,-1.5861745171172825,4030.122448979592,-17.589990409847356,8.57800944046981,0.0,0.013322857442934604,0.016845690318028794,3.9850062473969134,0.002132992454325961,6.175754948774512,70.0,2,Carlotta
4043.918367346939,-10.932782281410814,-1.574177093499128,4029.5510204081634,-17.631525399434445,8.889284666100117,0.3198667221990837,0.017969083734781083,0.15286581160748647,7.063723448563098,0.00740433676337852,5.436699571088041,70.0,2,Carlotta
4043.1020408163267,-10.88696454197205,-2.021426579052489,4028.408163265306,-17.65563109664883,8.93080932056239,2.785506039150353,0.013115246743707933,0.9444981759337198,11.26197417742607,0.006214586268476784,3.6141983377855547,70.0,2,Carlotta
4042.285714285714,-10.845270498229125,-2.440304046651799,4027.183673469388,-17.690786892641885,8.854534120638004,3.9183673469387736,0.0054643252830286135,1.2962272878494734,11.741774260724684,0.0034005918610799457,2.6201206324543893,70.0,2,Carlotta
4041.5510204081634,-10.842656897531906,-2.7701381642668164,4025.795918367347,-17.711308748484825,9.087680874200993,3.798417326114117,0.00380028196992741,1.391068957994427,8.52977925864223,0.0033687619063433815,2.138807791622545,70.0,2,Carlotta
4040.734693877551,-10.833466534711718,-3.228687243266876,4024.408163265306,-17.726435246498454,9.068998517836247,2.3990004164931227,0.0023902439293089924,0.995924287762206,1.4660558100791328,0.002028233866588092,1.7524987725922236,70.0,2,Carlotta
4040.1632653061224,-10.849051637686316,-3.5653250210874377,4024.081632653061,-17.71516548564843,8.70184367908229,0.6264056643065393,0.001091434688781084,0.33931483983594335,0.31986672219908346,0.0010884612682685853,1.4591570881570233,70.0,2,Carlotta
4040.2448979591836,-10.835658087108602,-3.48626641618804,4024.081632653061,-17.726138232143736,8.36695686560094,0.9196168263223664,0.0016736469411728313,0.4888445945257532,0.3198667221990834,0.0006044253091588863,1.927299712311504,70.0,2,Carlotta
4040.1632653061224,-10.824418346362739,-3.5431073877352657,4024.2448979591836,-17.725624205372675,8.039473952774976,0.6264056643065387,0.001447968764191562,0.3292435684384308,0.9196168263223656,0.0002163801423667463,2.1554472243840523,70.0,2,Carlotta
4040.1632653061224,-10.824316125459076,-3.5293671699326596,4024.4897959183672,-17.71760246964611,7.854313001943414,0.6264056643065383,0.0013343758116113038,0.32699001508708486,1.719283631820076,0.00014806915886083873,3.449081854408434,70.0,2,Carlotta
4040.1632653061224,-10.818316516397385,-3.517337490815847,4024.816326530612,-17.711866526234832,8.03201568978362,0.626405664306538,0.0010496114125938148,0.323684484992082,2.5989171178675545,0.0002979078680706573,5.424524520534749,70.0,2,Carlotta
4040.081632653061,-10.814439332283449,-3.5590266330353706,4024.816326530612,-17.709231856171503,7.999047185248901,0.3198667221990834,0.0005420353778771643,0.16759676625880596,2.5989171178675545,0.00028219319477265897,5.459951127980025,70.0,2,Carlotta
4040.0,-10.824901527678321,-3.603621826749818,4024.816326530612,-17.703171254730467,8.079844205898754,0.0,0.00042183081437655013,0.002899658907848017,2.598917117867554,0.00023908673681117176,5.330061475799323,70.0,2,Carlotta
4040.0,-10.835685532710514,-3.5745456495571757,4024.4897959183672,-17.69692111940782,7.731615410916497,0.0,0.00019066923910933723,0.003136830777174918,1.7192836318200777,0.00014185197976374802,3.550335682718388,70.0,2,Carlotta
4040.0,-10.838182745230892,-3.5528368844783453,4024.734693877551,-17.691652254711688,8.14537337490787,0.0,0.00019925813984072717,0.005372599852885151,2.399000416493128,0.00020436249523619342,4.574464935009969,70.0,2,Carlotta
4040.0,-10.831755550282582,-3.524117087088469,4024.9795918367345,-17.68743248182087,8.381183799163368,0.0,0.0005601826485090752,0.004275028253869282,2.9587671803415243,0.00036181823692622774,4.7804123440878445,70.0,2,Carlotta
4040.0,-10.817379738518268,-3.4805432370303495,4025.1428571428573,-17.68640753736068,8.581704726024432,0.0,0.001465023551847778,0.0070378641593997196,3.265306122448978,0.00033788140833933896,5.377937674696278,70.0,2,Carlotta
4040.0,-10.804846856553416,-3.4294211357017197,4025.2244897959185,-17.684356880866726,8.691003123205833,0.0,0.0017981549967739593,0.0072944191703966845,3.398583923365262,0.000420289065118626,5.5687635167846645,70.0,2,Carlotta
4040.0,-10.79037064191097,-3.3856935954059826,4025.387755102041,-17.677029358316428,8.9220435610057,0.0,0.0014196029467199167,0.007595507033409651,3.625156184922947,0.0005856515871327404,6.256080172511803,70.0,2,Carlotta
4040.0,-10.771261736515577,-3.3596759174839184,4025.469387755102,-17.667393269356023,9.112607205714813,0.0,0.0012179349368568533,0.005822882677640516,3.7184506455643502,0.0009872069158511525,6.86096287897376,70.0,2,Carlotta
4040.0,-10.75794020850157,-3.3300161492401252,4025.5510204081634,-17.662806096513968,9.45243927432122,0.0,0.001304396057093062,0.002430744013061871,3.798417326114119,0.0011428941703797936,7.59344350341901,70.0,2,Carlotta
4040.0,-10.744742764215749,-3.2828032840988213,4025.5510204081634,-17.665735592854272,9.538497357154194,0.0,0.001994278601370063,0.0063828811474401,3.798417326114118,0.0015824544403208341,6.91824493552745,70.0,2,Carlotta
4040.0,-10.733697146526312,-3.23180842898549,4025.5510204081634,-17.65631057581821,9.936992627838121,0.0,0.0013411710341881236,0.015208414305466513,3.798417326114117,0.003594251974566558,6.010972509875589,70.0,2,Carlotta
4040.0,-10.727282074971221,-3.2174523814194274,4025.3061224489797,-17.653947136088174,9.741386013269418,0.0,0.0011148192746035484,0.01569279261557758,3.518533944189915,0.003566276142274591,5.111625846380941,70.0,2,Carlotta
4040.0,-10.718878961072614,-3.1871570497042985,4024.816326530612,-17.657290126568604,9.220820743218669,0.0,0.0010830966955265736,0.012201980529079039,2.598917117867554,0.003438567810600627,3.3903501657551582,70.0,2,Carlotta
4040.0,-10.717331803134835,-3.167253358000847,4024.1632653061224,-17.65174065337064,8.344823210998227,0.0,0.000967200854869713,0.008103531737378033,0.6264056643065384,0.0034265839822277115,1.436393360081366,70.0,2,Carlotta
4040.0,-10.720890733363337,-3.1856949856000725,4024.2448979591836,-17.629593282995923,8.234005474310711,0.0,0.0006560450774918125,0.007651334785114602,0.9196168263223664,0.0020332409567806486,2.280325166578278,70.0,2,Carlotta
4040.0,-10.712909850813228,-3.218809402615075,4024.9795918367345,-17.63015302198835,8.823979538310669,0.0,0.0003879001325141798,0.002397402871290561,2.9587671803415243,0.00020703534018917208,4.580588570484035,70.0,2,Carlotta
4040.0,-10.70707332843547,-3.2101540669584385,4025.795918367347,-17.629194662497532,9.596873893928025,0.0,0.00010760223318359489,0.0010774655969501914,3.9583506872136605,0.00017307876511410804,5.7597556272753865,70.0,2,Carlotta
4040.0,-10.709665327921751,-3.2119220390109984,4026.612244897959,-17.625675817965,10.302645927257698,0.0,7.490802581899541e-05,0.0007234096842638894,3.625156184922946,0.00012619716335533508,5.494242297195433,70.0,2,Carlotta
4040.0,-10.709262047337786,-3.204731810207149,4027.4285714285716,-17.625599067254214,11.141910072679334,0.0,6.747349001895422e-05,0.0003979052559668072,1.9591836734693906,0.00011912327381946454,3.2211668311542723,70.0,2,Carlotta
4040.0,-10.708666801995475,-3.1932965103195765,4028.0,-17.62747552680623,11.678583279917984,0.0,5.8838192285576996e-05,0.00046206533288961025,0.0,9.74926425647221e-05,0.1915726734064818,70.0,2,Carlotta
4040.0,-10.710231555338552,-3.1844030140411803,4028.0,-17.623363952074897,11.542782923538581,0.0,6.638364825697724e-05,0.0005262980547950999,0.0,0.00016967210167715408,0.09912995348945151,70.0,2,Carlotta
4040.0,-10.710509249860314,-3.1795684642738102,4028.0,-17.619201057692806,11.577671386684099,0.0,7.42759766834327e-05,0.0009677020227034123,0.0,0.00013673191760868914,0.12591376332014587,70.0,2,Carlotta
4040.0,-10.708254240782225,-3.1746786468936796,4028.0,-17.619520126952647,11.618477258352074,0.0,0.00012218308972451316,0.0010040897532274926,0.0,0.00016223929112869445,0.13012512323966427,70.0,2,Carlotta
4040.0,-10.698341712967947,-3.163067033871186,4028.0,-17.625333627218104,11.602202907745331,0.0,0.00045145920944068526,0.001357427749595294,0.0,0.0003531295989917109,0.13592087543791073,70.0,2,Carlotta
4040.0,-10.69634686565734,-3.1502273187589953,4028.0,-17.625167764080466,11.628543110877793,0.0,0.000543540708076785,0.002091527001567485,0.0,0.00038009404783975953,0.11531974134957775,70.0,2,Carlotta
4040.0,-10.695695806778488,-3.129669424282459,4028.0,-17.625297347443706,11.584157925219966,0.0,0.0005116101844787864,0.002506398289371816,0.0,0.00036443678381830973,0.08323894477625846,70.0,2,Carlotta
4040.0,-10.699255610025775,-3.107287452134183,4028.0,-17.625811393849357,11.538315277992599,0.0,0.000655381569276014,0.002198745310055436,0.0,0.0003345305927906599,0.06742527479509464,70.0,2,Carlotta
4040.0,-10.70535354961289,-3.0855843321061216,4028.0,-17.62122949477652,11.54232689784699,0.0,0.0006632973532377846,0.001176518692610084,0.0,0.00035995280446156206,0.05618797332540321,70.0,2,Carlotta
4040.0,-10.716154937924252,-3.074156995808199,4028.0,-17.607830487208073,11.605638381784011,0.0,0.00024933946193115533,0.0006072951884201663,0.0,0.0002558529745982582,0.052006842605651214,70.0,2,Carlotta
4040.0,-10.717084586680564,-3.0666576242362362,4028.0,-17.601330135857182,11.67214211872932,0.0,0.0001165246635815524,0.00039114126351911616,0.0,0.00026420741038686156,0.05316711071421283,70.0,2,Carlotta
4040.0,-10.71005066149741,-3.065401523690462,4027.918367346939,-17.595283558945862,11.625929046260024,0.0,0.0012792686647729989,0.0010342080866898276,0.3198667221990837,0.0004347149666095008,0.31643894150943885,70.0,2,Carlotta
4040.2448979591836,-10.64780962277338,-2.929790330763531,4027.1020408163267,-17.61345625089289,10.956957708610071,0.9196168263223656,0.01555108783830842,0.3743306882228626,2.785506039150353,0.0026094624183596042,1.8937775655869542,70.0,2,Carlotta
4040.2448979591836,-10.577550846695132,-2.920667185770469,4026.3673469387754,-17.63452523793275,10.131943641378033,0.919616826322366,0.02449546125063737,0.37278450867120566,3.8650562265722597,0.0040501731133704266,3.989770496210385,70.0,2,Carlotta
4040.2448979591836,-10.52042298243488,-2.8796898833012525,4025.877551020408,-17.657765574340758,9.541007477026952,0.9196168263223661,0.022439435925904968,0.3690762315264786,3.9850062473969134,0.003999785791922431,4.78876329141742,70.0,2,Carlotta
4040.2448979591836,-10.494478722149196,-2.8151692176999132,4025.714285714286,-17.665501309999676,9.361972459469214,0.9196168263223663,0.015489076601724628,0.36281346823931954,3.9183673469387736,0.003070679201692948,4.859901781033378,70.0,2,Carlotta
4040.2448979591836,-10.485132402369976,-2.734238005234187,4025.877551020408,-17.663688915370862,9.501145726193178,0.9196168263223665,0.011462370414525974,0.34356670835771935,3.9850062473969143,0.0030837239818753337,4.881042741463037,70.0,2,Carlotta
4040.0,-10.529999092374343,-2.8254565723807783,4026.612244897959,-17.631982118492346,9.833543838601516,0.0,0.011150487861369763,0.01576220708305953,3.625156184922946,0.004174790967241747,4.694923756221822,70.0,2,Carlotta
4040.0,-10.577931053438382,-2.7880974094235214,4027.4285714285716,-17.601326071633437,10.65679889086506,0.0,0.005709379584948074,0.007207531464326429,1.9591836734693904,0.0028145963190256014,2.7910805590750956,70.0,2,Carlotta
4040.0,-10.604622748161976,-2.7833781686830106,4027.918367346939,-17.57642538102256,11.120750161861984,0.0,0.000741298584260538,0.004548962125475624,0.3198667221990834,0.0006459824246025313,0.5886485364548123,70.0,2,Carlotta
4040.0,-10.608667276723892,-2.799343705462773,4028.0,-17.564866584835034,11.041064812395325,0.0,0.0004292890258746641,0.004027115144279076,0.0,0.00022647866816843864,0.12771414495102845,70.0,2,Carlotta
